{"cameraMode":{"drawMode":0,"name":"Shaded","section":"Shading Mode"},"sceneLighting":false,"audioPlay":false,"sceneViewState":{"m_AlwaysRefresh":false,"showFog":true,"showSkybox":false,"showFlares":true,"showImageEffects":true,"showParticleSystems":true,"showVisualEffectGraphs":true,"m_FxEnabled":true},"in2DMode":false,"pivot":{"x":-0.15036654472351075,"y":-1.6940515041351319,"z":-3.4368247985839845},"rotation":{"x":0.1787222921848297,"y":0.006491116713732481,"z":0.0011748933466151357,"w":-0.9838833212852478},"size":0.8660253882408142,"orthographic":false}