{"cameraMode":{"drawMode":0,"name":"Shaded","section":"Shading Mode"},"sceneLighting":false,"audioPlay":false,"sceneViewState":{"m_AlwaysRefresh":false,"showFog":true,"showSkybox":false,"showFlares":true,"showImageEffects":true,"showParticleSystems":true,"showVisualEffectGraphs":true,"m_FxEnabled":true},"in2DMode":false,"pivot":{"x":1.1631523370742798,"y":-0.4114481806755066,"z":-0.3149334192276001},"rotation":{"x":0.06271667033433914,"y":0.3562360405921936,"z":0.02396719716489315,"w":-0.9319866299629211},"size":0.8660253882408142,"orthographic":false}