{"cameraMode":{"drawMode":0,"name":"Shaded","section":"Shading Mode"},"sceneLighting":false,"audioPlay":false,"sceneViewState":{"m_AlwaysRefresh":false,"showFog":true,"showSkybox":false,"showFlares":true,"showImageEffects":true,"showParticleSystems":true,"showVisualEffectGraphs":true,"m_FxEnabled":true},"in2DMode":false,"pivot":{"x":-0.1505853235721588,"y":-0.28399956226348879,"z":0.6067653894424439},"rotation":{"x":0.017689384520053865,"y":0.008096043020486832,"z":0.0001189864196931012,"w":-0.9998224377632141},"size":3.3187263011932375,"orthographic":false}